<assembly xmlns="http://maven.apache.org/ASSEMBLY/2.2.0"
          xmlns:xsi="http://www.w3.org/2001/XMLSchema-instance"
          xsi:schemaLocation="http://maven.apache.org/ASSEMBLY/2.2.0 https://maven.apache.org/xsd/assembly-2.2.0.xsd">
    <id>archive</id>
    <formats>
        <format>dir</format>
    </formats>
    <includeBaseDirectory>false</includeBaseDirectory>
    <fileSets>
        <fileSet>
            <directory>${project.build.directory}</directory>
            <outputDirectory>BIN</outputDirectory>
            <includes>
                <include>Delivery*</include>
            </includes>
        </fileSet>
        <fileSet>
            <directory>${project.build.directory}</directory>
            <outputDirectory>SRC</outputDirectory>
            <includes>
                <include>*.zip</include>
            </includes>
        </fileSet>
    </fileSets>
</assembly>
