<assembly xmlns="http://maven.apache.org/ASSEMBLY/2.2.0"
          xmlns:xsi="http://www.w3.org/2001/XMLSchema-instance"
          xsi:schemaLocation="http://maven.apache.org/ASSEMBLY/2.2.0 https://maven.apache.org/xsd/assembly-2.2.0.xsd">
    <id>bin</id>
    <formats>
        <format>tar</format>
    </formats>
    <includeBaseDirectory>false</includeBaseDirectory>
    <fileSets>
        <fileSet>
            <directory>${project.build.directory}</directory>
            <outputDirectory>Delivery_${project.artifactId}-${project.version}</outputDirectory>
            <includes>
                <include>*.war</include>
            </includes>
        </fileSet>
    </fileSets>
</assembly>
